{"cameraMode":{"drawMode":0,"name":"Shaded","section":"Shading Mode"},"sceneLighting":true,"audioPlay":false,"sceneViewState":{"m_AlwaysRefresh":false,"showFog":true,"showSkybox":true,"showFlares":true,"showImageEffects":true,"showParticleSystems":true,"showVisualEffectGraphs":true,"m_FxEnabled":true},"in2DMode":false,"pivot":{"x":20.234588623046876,"y":20.843019485473634,"z":-11.203022956848145},"rotation":{"x":0.2201901078224182,"y":-0.0029503260739147665,"z":0.0005856066127307713,"w":0.9754959344863892},"size":69.54619598388672,"orthographic":false}